question,metrics,tags
Scraping form elements in selenium python without specifying class/ID?,0 votes 0 answers 4 views,python
Fast evaluation of function of multiple derivatives in sympy,0 votes 0 answers 4 views,python
how to make auth with react and django in spa app,0 votes 0 answers 5 views,python
I want to start my career as data analyst do you recommend any programming languages that will land me my first job [closed],-1 votes 0 answers 15 views,python
"In python, what happens when a thread is started inside of a context manager?",0 votes 0 answers 7 views,python
How to create a back button in telebot with python,0 votes 0 answers 4 views,python
"Imports for a class failing when it is run by a test, python, pytest",0 votes 0 answers 8 views,python
subclass of str fails subclass of list works .. why?,0 votes 1 answer 28 views,python
How to calculate the ECG signal power level at specific frequencies in python?,-2 votes 0 answers 11 views,python
finding the original posts in a dataframe containing posts and comments using id and parent_id,0 votes 0 answers 8 views,python
Questions about python in excel in M365,-1 votes 0 answers 9 views,python
I Got a SyntaxError: invalid syntax in import tensorflow,0 votes 0 answers 19 views,python
Set the edge layer in pyvis,1 vote 0 answers 9 views,python
How to read a file that is very large and has varying column sizes?,-1 votes 0 answers 31 views,python
How to make a keyword you look for return true when using it in text strings?,0 votes 1 answer 18 views,python
"In the last epochs, the validation metrics are getting worse",0 votes 0 answers 7 views,python
"Create ""ogame"" trade script to calculate how much resources to buy\sell for given condition",0 votes 1 answer 22 views,javascript
Langchain inheriting from BaseTool,0 votes 0 answers 10 views,python
Trying for print output to show as Characters not range places,-1 votes 3 answers 37 views,python
PySpark createOrReplaceGlobalTempView with db,0 votes 3 answers 31 views,python
Troubleshooting with code for Chromedriver [closed],-3 votes 0 answers 14 views,python
Interpolation of linear (and other simplest) functions using perceptrons,-1 votes 0 answers 11 views,python
Mapping contour to png using openCV in python,0 votes 0 answers 14 views,python
Connect webcam to google colab,0 votes 0 answers 9 views,python
Make a httpx GET request with data body,0 votes 0 answers 10 views,python
filter in requests in ascending order in python,-1 votes 1 answer 19 views,python
define the args of a function outside the actual call,0 votes 1 answer 40 views,python
Peticiones POST y GET API REST [closed],-3 votes 0 answers 17 views,python
How to combine filter conditions in Polars?,0 votes 1 answer 26 views,python
"How to reduce the size of the background, canvas or the whitespace below a plot",0 votes 0 answers 16 views,python
Pandas DataFrame Pivot removes column,1 vote 3 answers 61 views,python
How to preserve data format same as dataframe in excel?,0 votes 0 answers 23 views,python
pyTube downloaded music cannot be used in reaper,0 votes 0 answers 10 views,python
"Simple multiprocessing in Python, sshâ€™ing across several hosts",-2 votes 0 answers 43 views,python
Can't read and query graphml file with lxml,0 votes 1 answer 10 views,python
How do I update the path of a venv in PyCharm? [duplicate],0 votes 0 answers 18 views,python
Hello Everyone I am Trying to create Cash Payments Getaway in Django,-1 votes 0 answers 22 views,python
Pyinstaller with FileNotFoundError: [Errno 2] No such file or directory after added data,0 votes 1 answer 10 views,python
Savitzky-Golay Filter parameters for visualizing corresponding velocity profile,0 votes 0 answers 8 views,python
Please help me correct my python code for a trading bot. I am using Talib to implement my strategy [closed],-2 votes 0 answers 25 views,python
Is there another alternative to using the termios module in Python?,0 votes 0 answers 6 views,python
Django with Cyberpanel deployment - Internal Server Error(500),0 votes 0 answers 11 views,python
Split legend of a seaborn relplot into columns,-1 votes 0 answers 19 views,python
While incrementing by 0.1 in the following python3 tkinter code I am getting continuous 0000000 or 99999999 after some mouse scroll?,1 vote 4 answers 60 views,python
Keras model with 2 different channel inputs,0 votes 0 answers 12 views,python
"Python, How to make a new class from an item in list? [duplicate]",0 votes 0 answers 34 views,python
DataFrame column values in specific format,0 votes 2 answers 65 views,python
How to merge specific lines from multiple text files,-1 votes 3 answers 51 views,python
While validating a csv file with a schema it converts all data types to string while reading the csv file and i want to retain the data types [duplicate],-1 votes 0 answers 8 views,python
How to make an alias of a DataFrame attribute during the instantiation?,1 vote 1 answer 45 views,python
